Unnamed: 0,id,p_id,test_name,tool_config,tool_env_config,component_config,component_env_config,remark,tag,tag_remark,commit_id,ci_id,cd_id,status,version,created,modified,component_env_configs,scenes_md5,tool_configs
0,72,100,demo,46,92,103,125,,,,,,,0,0,2020-04-14 18:37:45.996745+08,2020-05-18 21:50:08.707509+08,"{""host"": 125}",878b66b188a40057e89b8483fc500c4b,"{""_main_"": 46, ""tool_config"": 46}"
1,3676,99,demo,,530,530,,,,,,,,0,0,2020-05-18 22:05:13.911651+08,2020-05-18 22:05:36.658134+08,{},df418badfe0231c74166efb29fa27679,"{""ls"": 2287, ""_main_"": 2287}"
2,8,0,hdd_test,13,14,15,16,,,,,,,0,0,2020-04-03 13:16:23.973618+08,2020-05-18 21:50:08.751628+08,"{""host"": 16}",c5759b2aa02288cd8aa34abe7119e2b9,"{""tool"": 13, ""_main_"": 13}"
3,9,99,demo,17,18,19,20,,,,,,,0,0,2020-04-04 16:14:04.388537+08,2020-05-18 21:50:08.787686+08,"{""host"": 20}",ca18b770d98745279767e721527fd693,"{""tool"": 17, ""_main_"": 17}"
4,12,99,demo,27,28,29,30,,,,,,,0,0,2020-04-07 16:55:52.951767+08,2020-05-18 21:50:08.856389+08,"{""host"": 30}",b88aa1941d81f757dc061346ff5bf610,"{""_main_"": 27, ""tool_config"": 27}"
5,15,99,demo,27,35,36,37,,,,,,,0,0,2020-04-07 20:36:13.497364+08,2020-05-18 21:50:08.912534+08,"{""host"": 37}",65f766c24f4a5040e3e5f95ca509445c,"{""_main_"": 27, ""tool_config"": 27}"
6,17,2,short_test,42,43,44,45,,,,,,,0,0,2020-04-07 21:58:19.377799+08,2020-05-18 21:50:08.959906+08,"{""host"": 45}",510159c031048e81c1ad886e1936318c,"{""_main_"": 42, ""tool_config"": 42}"
7,20,100,demo,46,53,54,55,,,,,,,0,0,2020-04-08 16:30:20.986147+08,2020-05-18 21:50:09.064486+08,"{""host"": 55}",ec9012d7fe2699032340f772ace2911a,"{""_main_"": 46, ""tool_config"": 46}"
8,22,99,demo,27,59,60,61,,,,,,,0,0,2020-04-09 14:34:41.319766+08,2020-05-18 21:50:09.116463+08,"{""host"": 61}",c91899ce7c0786e1588104dd4e6589f8,"{""_main_"": 27, ""tool_config"": 27}"
9,24,99,demo,27,63,64,30,,,,,,,0,0,2020-04-11 20:06:47.820826+08,2020-05-18 21:50:09.182524+08,"{""host"": 30}",4c2e3a52383a5cf28b4006f513236345,"{""_main_"": 27, ""tool_config"": 27}"
10,27,99,demo,27,63,68,69,,,,,,,0,0,2020-04-12 13:38:06.549942+08,2020-05-18 21:50:09.262216+08,"{""host"": 69}",313b86424b9b51050eb3938c046d5688,"{""_main_"": 27, ""tool_config"": 27}"
11,29,99,demo,27,63,66,72,,,,,,,0,0,2020-04-12 13:50:15.125191+08,2020-05-18 21:50:09.310354+08,"{""host"": 72}",e6f22eac53b9293c1f3518c47f6c8503,"{""_main_"": 27, ""tool_config"": 27}"
12,32,99,demo,27,76,77,78,,,,,,,0,0,2020-04-13 09:59:06.164293+08,2020-05-18 21:50:09.399349+08,"{""host"": 78}",f5880ee48fd44d8a0d66bdfe12b6ba88,"{""_main_"": 27, ""tool_config"": 27}"
13,34,99,demo,27,63,73,80,,,,,,,0,0,2020-04-13 13:12:16.373144+08,2020-05-18 21:50:09.439263+08,"{""host"": 80}",b866cb44618b760bcd86356fe6a66b36,"{""_main_"": 27, ""tool_config"": 27}"
14,36,99,demo,27,81,82,83,,,,,,,0,0,2020-04-13 11:35:56.74207+08,2020-05-18 21:50:09.48312+08,"{""host"": 83}",035dab37e755a0f594435cae2b4c14d7,"{""_main_"": 27, ""tool_config"": 27}"
15,39,99,hdd_test,85,76,86,84,,,,,,,0,0,2020-04-13 17:29:17.645033+08,2020-05-18 21:50:09.609123+08,"{""host"": 84}",152dfee54b05ce0a29970cbd25c57678,"{""_main_"": 85, ""tool_config"": 85}"
16,41,99,hdd_test,85,76,88,84,,,,,,,0,0,2020-04-13 17:29:17.645033+08,2020-05-18 21:50:09.657065+08,"{""host"": 84}",d2bd3b862d4f54e5bcc6a7845fbea1b7,"{""_main_"": 85, ""tool_config"": 85}"
17,42,99,demo,27,76,77,89,,,,,,,0,0,2020-04-13 18:43:04.41954+08,2020-05-18 21:50:09.740131+08,"{""host"": 89}",f90ebbf624fdefb5da11af77030d66ca,"{""_main_"": 27, ""tool_config"": 27}"
18,47,100,demo,46,95,96,97,,,,,,,0,0,2020-04-14 13:36:10.012544+08,2020-05-18 21:50:09.877565+08,"{""host"": 97}",ad4a84550fcaebefae72ff18bf9f8070,"{""_main_"": 46, ""tool_config"": 46}"
19,49,100,demo,46,92,93,101,,,,,,,0,0,2020-04-14 14:36:34.852723+08,2020-05-18 21:50:09.932505+08,"{""host"": 101}",8c7345fd15e4911402b9195da38a0c20,"{""_main_"": 46, ""tool_config"": 46}"
20,52,100,demo,46,92,104,94,,,,,,,0,0,2020-04-14 15:43:03.304222+08,2020-05-18 21:50:10.012666+08,"{""host"": 94}",c5a4fc0bbc79c1c2482135cd09617126,"{""_main_"": 46, ""tool_config"": 46}"
21,54,100,demo,46,92,106,94,,,,,,,0,0,2020-04-14 15:48:30.496325+08,2020-05-18 21:50:10.082775+08,"{""host"": 94}",3051499d592ead811cfb2ae16fa0b407,"{""_main_"": 46, ""tool_config"": 46}"
22,56,100,demo,46,92,108,94,,,,,,,0,0,2020-04-14 15:48:45.900531+08,2020-05-18 21:50:10.137914+08,"{""host"": 94}",c8ba8f89070816f1d626bbc0e80b14c5,"{""_main_"": 46, ""tool_config"": 46}"
23,59,100,demo,46,92,113,94,,,,,,,0,0,2020-04-14 15:48:55.273216+08,2020-05-18 21:50:10.264275+08,"{""host"": 94}",2334424757972e2036885f6ef7687236,"{""_main_"": 46, ""tool_config"": 46}"
24,61,100,demo,46,92,112,115,,,,,,,0,0,2020-04-14 15:58:08.522141+08,2020-05-18 21:50:10.303064+08,"{""host"": 115}",632ad1e48095756116a04cc9ecab0650,"{""_main_"": 46, ""tool_config"": 46}"
25,62,100,demo,46,92,103,116,,,,,,,0,0,2020-04-14 15:58:20.555619+08,2020-05-18 21:50:10.338189+08,"{""host"": 116}",c4c48500fd1a4012e1c143a83ff8ffd1,"{""_main_"": 46, ""tool_config"": 46}"
26,66,100,demo,46,92,103,119,,,,,,,0,0,2020-04-14 16:27:43.391109+08,2020-05-18 21:50:10.415958+08,"{""host"": 119}",13a203fc44dc92e8303fb7102e4b433b,"{""_main_"": 46, ""tool_config"": 46}"
27,67,100,demo,46,92,103,120,,,,,,,0,0,2020-04-14 16:47:31.193976+08,2020-05-18 21:50:10.452939+08,"{""host"": 120}",0da1260c5d45279d8b520422b6ac1d0d,"{""_main_"": 46, ""tool_config"": 46}"
28,73,99,demo,27,63,126,127,,,,,,,0,0,2020-04-14 20:04:06.91933+08,2020-05-18 21:50:10.556328+08,"{""host"": 127}",aa353c642566cb00708afe27b74a5bba,"{""_main_"": 27, ""tool_config"": 27}"
29,74,100,demo,46,92,112,125,,,,,,,0,0,2020-04-14 22:17:16.058056+08,2020-05-18 21:50:10.602174+08,"{""host"": 125}",6677dd9500156a018f0d96dead8bd54e,"{""_main_"": 46, ""tool_config"": 46}"
30,76,100,demo,46,92,113,125,,,,,,,0,0,2020-04-14 22:17:52.3488+08,2020-05-18 21:50:10.640377+08,"{""host"": 125}",02a27ac72f1743abc3ce93722cc6f0d4,"{""_main_"": 46, ""tool_config"": 46}"
31,81,99,demo,27,76,135,30,,,,,,,0,0,2020-04-15 12:29:42.972586+08,2020-05-18 21:50:10.716662+08,"{""host"": 30}",671eb527ab54550e4bc94f4d4e294878,"{""_main_"": 27, ""tool_config"": 27}"
32,83,1,demo,136,137,138,139,,,,,,,0,0,2020-04-15 13:24:41.465031+08,2020-05-18 21:50:10.753925+08,"{""host"": 139}",1e6bc859cd6a8ca5767401f5446180c4,"{""_main_"": 136, ""tool_config"": 136}"
33,84,100,demo,46,92,140,125,,,,,,,0,0,2020-04-15 13:44:38.569798+08,2020-05-18 21:50:10.795952+08,"{""host"": 125}",6e90ecce1907f775529c46549851e478,"{""_main_"": 46, ""tool_config"": 46}"
34,728,1,hackbench_vm_hasload_off_spec,501,429,430,502,,,,,,,0,0,2020-05-14 00:10:04.779105+08,2020-05-18 21:50:10.89256+08,"{""host"": 502}",7cf6b1c610ee60861f5e08f43cdaf44b,"{""_main_"": 501, ""tool_config"": 501}"
35,4,1,remote_mode_demo,4,8,8,5,,,,,,,0,0,2020-03-31 17:51:43.873415+08,2020-05-18 21:50:08.631226+08,"{""host"": 5}",5a08ed52bd82c1e06a065261b302a441,"{""tool"": 4, ""_main_"": 4}"
36,95,99,demo,62,152,153,154,,,,,,,0,0,2020-04-16 15:23:33.990793+08,2020-05-18 21:50:10.998478+08,"{""host"": 154}",caf8e1fdfaaa12d8b9fc101c8de8e074,"{""_main_"": 62, ""tool_config"": 62}"
37,3677,1,netperf_baseline,,2289,2246,,,,,,,,0,0,2020-05-18 23:41:27.019417+08,2020-05-18 23:41:33.862892+08,"{""host"": 2247}",0b67637336ec7b5aa737ce58e43ac937,"{""_main_"": 2288, ""netperf"": 2288}"
38,98,99,demo,62,161,162,163,,,,,,,0,0,2020-04-16 15:25:05.23355+08,2020-05-18 21:50:11.088812+08,"{""host"": 163}",6277f0159dda32f1e7b7de75564c1b99,"{""_main_"": 62, ""tool_config"": 62}"
39,100,1,demo,136,164,165,166,,,,,,,0,0,2020-04-13 14:05:30.511353+08,2020-05-18 21:50:11.231683+08,"{""host"": 166}",fa9c2d2b64edb46e2e66b0c82715f616,"{""_main_"": 136, ""tool_config"": 136}"
40,103,1,hdd_test,148,137,170,139,,,,,,,0,0,2020-04-17 14:37:06.018968+08,2020-05-18 21:50:11.303464+08,"{""host"": 139}",3e65def8fb54c68922c8f8ff9045755c,"{""_main_"": 148, ""tool_config"": 148}"
41,107,99,demo,62,161,162,174,,,,,,,0,0,2020-04-17 15:49:40.802753+08,2020-05-18 21:50:11.385016+08,"{""host"": 174}",b3b4f01aabb69daf1374b0e913a1e0ef,"{""_main_"": 62, ""tool_config"": 62}"
42,108,1,hdd_test,148,137,170,175,,,,,,,0,0,2020-04-17 15:55:53.581134+08,2020-05-18 21:50:11.429594+08,"{""host"": 175}",11b123d623e79f260a6a98f3dc83cf81,"{""_main_"": 148, ""tool_config"": 148}"
43,110,99,cluster_cbs,85,177,178,30,,,,,,,0,0,2020-04-19 15:11:14.642029+08,2020-05-18 21:50:11.483193+08,"{""host"": 30}",e0fbf09c2feabfcd5948b142580b367c,"{""_main_"": 85, ""tool_config"": 85}"
44,113,99,demo,62,155,156,181,,,,,,,0,0,2020-04-20 19:47:50.671104+08,2020-05-18 21:50:11.58719+08,"{""host"": 181}",0dc4eef585797ac17255256232bdb2b5,"{""_main_"": 62, ""tool_config"": 62}"
45,115,99,demo,27,177,178,183,,,,,,,0,0,2020-04-22 05:07:07.261449+08,2020-05-18 21:50:11.632224+08,"{""host"": 183}",8374a0ad4800b209f346ccac174f638e,"{""_main_"": 27, ""tool_config"": 27}"
46,118,99,demo,62,155,190,181,,,,,,,0,0,2020-04-23 11:35:02.711678+08,2020-05-18 21:50:11.723495+08,"{""host"": 181}",ae9065159c07d09e8463f8b8e8e782f4,"{""_main_"": 62, ""tool_config"": 62}"
47,120,99,demo,62,152,192,127,,,,,,,0,0,2020-04-23 11:36:13.49941+08,2020-05-18 21:50:11.771478+08,"{""host"": 127}",b89d07c6ea058033f7f9e7e583509ccc,"{""_main_"": 62, ""tool_config"": 62}"
48,122,99,demo,62,152,194,127,,,,,,,0,0,2020-04-23 11:37:06.973558+08,2020-05-18 21:50:11.80731+08,"{""host"": 127}",2bfb983b94a1751dcdb5b9751e4116d5,"{""_main_"": 62, ""tool_config"": 62}"
49,125,99,demo,27,63,197,127,,,,,,,0,0,2020-04-23 12:06:22.516712+08,2020-05-18 21:50:11.912162+08,"{""host"": 127}",497474ab16a4ad8c8d3719fc4d2fa76d,"{""_main_"": 27, ""tool_config"": 27}"
